{
  "m_atomResolution": [
    100.0,
    100.0
  ],
  "m_boardMoney": 150,
  "m_bullets": null,
  "m_figures": [
    {
      "m_increments": [
        2,
        2,
        2,
        2,
        2,
        2,
        2,
        2,
        2,
        2,
        2,
        2,
        1,
        1,
        1,
        1,
        2,
        2,
        2,
        2,
        2,
        0,
        2,
        2
      ],
      "m_lives": 5,
      "m_mileage": 80.99676203727722,
      "m_position": [
        130.9967041015625,
        300.0
      ],
      "m_reward": 20,
      "m_speed": 90,
      "m_tag": 0
    }
  ],
  "m_level": 0,
  "m_lives": 10,
  "m_places": [
    [
      [
        1,
        [
          -1.0,
          -1
        ]
      ],
      [
        0,
        [
          -1.0,
          -1
        ]
      ],
      [
        0,
        [
          -1.0,
          -1
        ]
      ],
      [
        0,
        [
          -1.0,
          -1
        ]
      ],
      [
        0,
        [
          -1.0,
          -1
        ]
      ],
      [
        4,
        [
          -1.0,
          -1
        ]
      ],
      [
        0,
        [
          -1.0,
          -1
        ]
      ],
      [
        0,
        [
          -1.0,
          -1
        ]
      ],
      [
        0,
        [
          -1.0,
          -1
        ]
      ],
      [
        0,
        [
          -1.0,
          -1
        ]
      ]
    ],
    [
      [
        1,
        [
          -1.0,
          -1
        ]
      ],
      [
        0,
        [
          -1.0,
          -1
        ]
      ],
      [
        0,
        [
          -1.0,
          -1
        ]
      ],
      [
        0,
        [
          -1.0,
          -1
        ]
      ],
      [
        0,
        [
          -1.0,
          -1
        ]
      ],
      [
        1,
        [
          -1.0,
          -1
        ]
      ],
      [
        0,
        [
          -1.0,
          -1
        ]
      ],
      [
        0,
        [
          -1.0,
          -1
        ]
      ],
      [
        0,
        [
          -1.0,
          -1
        ]
      ],
      [
        0,
        [
          -1.0,
          -1
        ]
      ]
    ],
    [
      [
        1,
        [
          -1.0,
          -1
        ]
      ],
      [
        0,
        [
          -1.0,
          -1
        ]
      ],
      [
        0,
        [
          -1.0,
          -1
        ]
      ],
      [
        0,
        [
          -1.0,
          -1
        ]
      ],
      [
        0,
        [
          -1.0,
          -1
        ]
      ],
      [
        1,
        [
          -1.0,
          -1
        ]
      ],
      [
        0,
        [
          -1.0,
          -1
        ]
      ],
      [
        0,
        [
          -1.0,
          -1
        ]
      ],
      [
        0,
        [
          -1.0,
          -1
        ]
      ],
      [
        0,
        [
          -1.0,
          -1
        ]
      ]
    ],
    [
      [
        1,
        [
          -1.0,
          -1
        ]
      ],
      [
        0,
        [
          -1.0,
          -1
        ]
      ],
      [
        0,
        [
          -1.0,
          -1
        ]
      ],
      [
        0,
        [
          -1.0,
          -1
        ]
      ],
      [
        0,
        [
          -1.0,
          -1
        ]
      ],
      [
        1,
        [
          -1.0,
          -1
        ]
      ],
      [
        0,
        [
          -1.0,
          -1
        ]
      ],
      [
        0,
        [
          -1.0,
          -1
        ]
      ],
      [
        0,
        [
          -1.0,
          -1
        ]
      ],
      [
        0,
        [
          -1.0,
          -1
        ]
      ]
    ],
    [
      [
        1,
        [
          -1.0,
          -1
        ]
      ],
      [
        1,
        [
          -1.0,
          -1
        ]
      ],
      [
        1,
        [
          -1.0,
          -1
        ]
      ],
      [
        1,
        [
          -1.0,
          -1
        ]
      ],
      [
        0,
        [
          -1.0,
          -1
        ]
      ],
      [
        1,
        [
          -1.0,
          -1
        ]
      ],
      [
        0,
        [
          -1.0,
          -1
        ]
      ],
      [
        0,
        [
          -1.0,
          -1
        ]
      ],
      [
        0,
        [
          -1.0,
          -1
        ]
      ],
      [
        0,
        [
          -1.0,
          -1
        ]
      ]
    ],
    [
      [
        1,
        [
          -1.0,
          -1
        ]
      ],
      [
        0,
        [
          -1.0,
          -1
        ]
      ],
      [
        0,
        [
          -1.0,
          -1
        ]
      ],
      [
        1,
        [
          -1.0,
          -1
        ]
      ],
      [
        0,
        [
          -1.0,
          -1
        ]
      ],
      [
        1,
        [
          -1.0,
          -1
        ]
      ],
      [
        0,
        [
          -1.0,
          -1
        ]
      ],
      [
        0,
        [
          -1.0,
          -1
        ]
      ],
      [
        0,
        [
          -1.0,
          -1
        ]
      ],
      [
        0,
        [
          -1.0,
          -1
        ]
      ]
    ],
    [
      [
        1,
        [
          -1.0,
          -1
        ]
      ],
      [
        1,
        [
          -1.0,
          -1
        ]
      ],
      [
        1,
        [
          -1.0,
          -1
        ]
      ],
      [
        1,
        [
          -1.0,
          -1
        ]
      ],
      [
        1,
        [
          -1.0,
          -1
        ]
      ],
      [
        1,
        [
          -1.0,
          -1
        ]
      ],
      [
        1,
        [
          -1.0,
          -1
        ]
      ],
      [
        1,
        [
          -1.0,
          -1
        ]
      ],
      [
        1,
        [
          -1.0,
          -1
        ]
      ],
      [
        4,
        [
          -1.0,
          -1
        ]
      ]
    ],
    [
      [
        1,
        [
          -1.0,
          -1
        ]
      ],
      [
        0,
        [
          -1.0,
          -1
        ]
      ],
      [
        0,
        [
          -1.0,
          -1
        ]
      ],
      [
        0,
        [
          -1.0,
          -1
        ]
      ],
      [
        0,
        [
          -1.0,
          -1
        ]
      ],
      [
        0,
        [
          -1.0,
          -1
        ]
      ],
      [
        0,
        [
          -1.0,
          -1
        ]
      ],
      [
        0,
        [
          -1.0,
          -1
        ]
      ],
      [
        0,
        [
          -1.0,
          -1
        ]
      ],
      [
        0,
        [
          -1.0,
          -1
        ]
      ]
    ],
    [
      [
        1,
        [
          -1.0,
          -1
        ]
      ],
      [
        0,
        [
          -1.0,
          -1
        ]
      ],
      [
        0,
        [
          -1.0,
          -1
        ]
      ],
      [
        0,
        [
          -1.0,
          -1
        ]
      ],
      [
        0,
        [
          -1.0,
          -1
        ]
      ],
      [
        0,
        [
          -1.0,
          -1
        ]
      ],
      [
        0,
        [
          -1.0,
          -1
        ]
      ],
      [
        0,
        [
          -1.0,
          -1
        ]
      ],
      [
        0,
        [
          -1.0,
          -1
        ]
      ],
      [
        0,
        [
          -1.0,
          -1
        ]
      ]
    ],
    [
      [
        1,
        [
          -1.0,
          -1
        ]
      ],
      [
        0,
        [
          -1.0,
          -1
        ]
      ],
      [
        0,
        [
          -1.0,
          -1
        ]
      ],
      [
        0,
        [
          -1.0,
          -1
