{
  "m_atomResolution": [
    100.0,
    100.0
  ],
  "m_boardMoney": 670,
  "m_bullets": [
    {
      "atk": 2,
      "position": [
        122.68426513671875,
        370.78790283203125
      ],
      "radius": 15.0,
      "rgba": [
        0,
        0,
        0,
        255
      ],
      "speed": 800,
      "targetFigureIdx": 0
    }
  ],
  "m_figures": [
    {
      "m_increments": [
        2,
        2,
        2,
        2,
        2,
        2,
        2,
        2,
        2,
        2,
        2,
        2,
        2,
        2,
        2,
        2,
        2,
        2,
        2
      ],
      "m_lives": 5,
      "m_mileage": 8.999640226364136,
      "m_position": [
        58.9996452331543,
        300.0
      ],
      "m_reward": 20,
      "m_speed": 180,
      "m_tag": 0
    }
  ],
  "m_level": 0,
  "m_lives": 10,
  "m_places": [
    [
      [
        1,
        [
          -1.0,
          -1
        ]
      ],
      [
        0,
        [
          -1.0,
          -1
        ]
      ],
      [
        0,
        [
          -1.0,
          -1
        ]
      ],
      [
        0,
        [
          -1.0,
          -1
        ]
      ],
      [
        0,
        [
          -1.0,
          -1
        ]
      ],
      [
        4,
        [
          -1.0,
          -1
        ]
      ],
      [
        0,
        [
          -1.0,
          -1
        ]
      ],
      [
        0,
        [
          -1.0,
          -1
        ]
      ],
      [
        0,
        [
          -1.0,
          -1
        ]
      ],
      [
        0,
        [
          -1.0,
          -1
        ]
      ]
    ],
    [
      [
        1,
        [
          -1.0,
          -1
        ]
      ],
      [
        2,
        [
          0.06666799634695053,
          3
        ]
      ],
      [
        0,
        [
          -1.0,
          -1
        ]
      ],
      [
        0,
        [
          -1.0,
          -1
        ]
      ],
      [
        0,
        [
          -1.0,
          -1
        ]
      ],
      [
        1,
        [
          -1.0,
          -1
        ]
      ],
      [
        0,
        [
          -1.0,
          -1
        ]
      ],
      [
        0,
        [
          -1.0,
          -1
        ]
      ],
      [
        0,
        [
          -1.0,
          -1
        ]
      ],
      [
        0,
        [
          -1.0,
          -1
        ]
      ]
    ],
    [
      [
        1,
        [
          -1.0,
          -1
        ]
      ],
      [
        2,
        [
          3.999999989900971e-06,
          3
        ]
      ],
      [
        0,
        [
          -1.0,
          -1
        ]
      ],
      [
        0,
        [
          -1.0,
          -1
        ]
      ],
      [
        0,
        [
          -1.0,
          -1
        ]
      ],
      [
        1,
        [
          -1.0,
          -1
        ]
      ],
      [
        0,
        [
          -1.0,
          -1
        ]
      ],
      [
        0,
        [
          -1.0,
          -1
        ]
      ],
      [
        0,
        [
          -1.0,
          -1
        ]
      ],
      [
        0,
        [
          -1.0,
          -1
        ]
      ]
    ],
    [
      [
        1,
        [
          -1.0,
          -1
        ]
      ],
      [
        2,
        [
          0.016669999808073044,
          3
        ]
      ],
      [
        0,
        [
          -1.0,
          -1
        ]
      ],
      [
        0,
        [
          -1.0,
          -1
        ]
      ],
      [
        0,
        [
          -1.0,
          -1
        ]
      ],
      [
        1,
        [
          -1.0,
          -1
        ]
      ],
      [
        0,
        [
          -1.0,
          -1
        ]
      ],
      [
        0,
        [
          -1.0,
          -1
        ]
      ],
      [
        0,
        [
          -1.0,
          -1
        ]
      ],
      [
        0,
        [
          -1.0,
          -1
        ]
      ]
    ],
    [
      [
        1,
        [
          -1.0,
          -1
        ]
      ],
      [
        1,
        [
          -1.0,
          -1
        ]
      ],
      [
        1,
        [
          -1.0,
          -1
        ]
      ],
      [
        1,
        [
          -1.0,
          -1
        ]
      ],
      [
        0,
        [
          -1.0,
          -1
        ]
      ],
      [
        1,
        [
          -1.0,
          -1
        ]
      ],
      [
        0,
        [
          -1.0,
          -1
        ]
      ],
      [
        0,
        [
          -1.0,
          -1
        ]
      ],
      [
        0,
        [
          -1.0,
          -1
        ]
      ],
      [
        0,
        [
          -1.0,
          -1
        ]
      ]
    ],
    [
      [
        1,
        [
          -1.0,
          -1
        ]
      ],
      [
        2,
        [
          0.21669000387191772,
          1
        ]
      ],
      [
        2,
        [
          0.05003799870610237,
          0
        ]
      ],
      [
        1,
        [
          -1.0,
          -1
        ]
      ],
      [
        0,
        [
          -1.0,
          -1
        ]
      ],
      [
        1,
        [
          -1.0,
          -1
        ]
      ],
      [
        0,
        [
          -1.0,
          -1
        ]
      ],
      [
        0,
        [
          -1.0,
          -1
        ]
      ],
      [
        0,
        [
          -1.0,
          -1
        ]
      ],
      [
        0,
        [
          -1.0,
          -1
        ]
      ]
    ],
    [
      [
        1,
        [
          -1.0,
          -1
        ]
      ],
      [
        1,
        [
          -1.0,
          -1
        ]
      ],
      [
        1,
        [
          -1.0,
          -1
        ]
      ],
      [
        1,
        [
          -1.0,
          -1
        ]
      ],
      [
        1,
        [
          -1.0,
          -1
        ]
      ],
      [
        1,
        [
          -1.0,
          -1
        ]
      ],
      [
        1,
        [
          -1.0,
          -1
        ]
      ],
      [
        1,
        [
          -1.0,
          -1
        ]
      ],
      [
        1,
        [
          -1.0,
          -1
        ]
      ],
      [
        4,
        [
          -1.0,
          -1
        ]
      ]
    ],
    [
      [
        1,
        [
          -1.0,
          -1
        ]
      ],
      [
        2,
        [
          0.5500100255012512,
          1
        ]
      ],
      [
        0,
        [
          -1.0,
          -1
        ]
      ],
      [
        0,
        [
          -1.0,
          -1
        ]
      ],
      [
        0,
        [
          -1.0,
          -1
        ]
      ],
      [
        0,
        [
          -1.0,
          -1
        ]
      ],
      [
        0,
        [
          -1.0,
          -1
        ]
      ],
      [
        0,
        [
          -1.0,
          -1
        ]
      ],
      [
        0,
        [
          -1.0,
          -1
        ]
      ],
      [
        0,
        [
          -1.0,
          -1
        ]
      ]
    ],
    [
      [
        1,
        [
          -1.0,
          -1
        ]
      ],
      [
        0,
        [
          -1.0,
          -1
        ]
      ],
      [
        0,
        [
          -1.0,
          -1
        ]
      ],
      [
        0,
        [
          -1.0,
          -1
        ]
      ],
      [
        0,
        [
          -1.0,
          -1
        ]
      ],
      [
        0,
        [
          -1.0,
          -1
        ]
      ],
      [
        0,
        [
          -1.0,
          -1
        ]
      ],
      [
        0,
        [
          -1.0,
          -1
        ]
      ],
      [
        0,
        [
          -1.0,
          -1
        ]
      ],
      [
        0,
        [
          -1.0,
          -1
        ]
      ]
    ],
    [
      [
