{
  "m_atomResolution": [
    100.0,
    100.0
  ],
  "m_boardMoney": 980,
  "m_bullets": [
    {
      "atk": 1,
      "position": [
        207.03614807128906,
        385.3484191894531
      ],
      "radius": 10.0,
      "rgba": [
        0,
        0,
        255,
        255
      ],
      "speed": 500,
      "targetFigureIdx": 0
    }
  ],
  "m_figures": [
    {
      "m_increments": [
        2,
        2,
        2,
        2,
        2,
        2,
        2,
        2,
        2,
        2,
        2,
        2,
        2,
        2,
        2,
        2,
        2,
        2,
        2
      ],
      "m_lives": 1,
      "m_mileage": 61.497541546821594,
      "m_position": [
        111.49749755859375,
        300.0
      ],
      "m_tag": 0
    }
  ],
  "m_level": 0,
  "m_lives": 9,
  "m_places": [
    [
      [
        1,
        [
          -1.0,
          -1
        ]
      ],
      [
        0,
        [
          -1.0,
          -1
        ]
      ],
      [
        0,
        [
          -1.0,
          -1
        ]
      ],
      [
        0,
        [
          -1.0,
          -1
        ]
      ],
      [
        0,
        [
          -1.0,
          -1
        ]
      ],
      [
        4,
        [
          -1.0,
          -1
        ]
      ],
      [
        0,
        [
          -1.0,
          -1
        ]
      ],
      [
        0,
        [
          -1.0,
          -1
        ]
      ],
      [
        0,
        [
          -1.0,
          -1
        ]
      ],
      [
        0,
        [
          -1.0,
          -1
        ]
      ]
    ],
    [
      [
        1,
        [
          -1.0,
          -1
        ]
      ],
      [
        2,
        [
          0.06666799634695053,
          3
        ]
      ],
      [
        0,
        [
          -1.0,
          -1
        ]
      ],
      [
        0,
        [
          -1.0,
          -1
        ]
      ],
      [
        0,
        [
          -1.0,
          -1
        ]
      ],
      [
        1,
        [
          -1.0,
          -1
        ]
      ],
      [
        0,
        [
          -1.0,
          -1
        ]
      ],
      [
        0,
        [
          -1.0,
          -1
        ]
      ],
      [
        0,
        [
          -1.0,
          -1
        ]
      ],
      [
        0,
        [
          -1.0,
          -1
        ]
      ]
    ],
    [
      [
        1,
        [
          -1.0,
          -1
        ]
      ],
      [
        0,
        [
          -1.0,
          -1
        ]
      ],
      [
        2,
        [
          0.18336600065231323,
          0
        ]
      ],
      [
        0,
        [
          -1.0,
          -1
        ]
      ],
      [
        0,
        [
          -1.0,
          -1
        ]
      ],
      [
        1,
        [
          -1.0,
          -1
        ]
      ],
      [
        0,
        [
          -1.0,
          -1
        ]
      ],
      [
        0,
        [
          -1.0,
          -1
        ]
      ],
      [
        0,
        [
          -1.0,
          -1
        ]
      ],
      [
        0,
        [
          -1.0,
          -1
        ]
      ]
    ],
    [
      [
        1,
        [
          -1.0,
          -1
        ]
      ],
      [
        2,
        [
          -0.016661999747157097,
          3
        ]
      ],
      [
        2,
        [
          0.6500139832496643,
          0
        ]
      ],
      [
        0,
        [
          -1.0,
          -1
        ]
      ],
      [
        0,
        [
          -1.0,
          -1
        ]
      ],
      [
        1,
        [
          -1.0,
          -1
        ]
      ],
      [
        0,
        [
          -1.0,
          -1
        ]
      ],
      [
        0,
        [
          -1.0,
          -1
        ]
      ],
      [
        0,
        [
          -1.0,
          -1
        ]
      ],
      [
        0,
        [
          -1.0,
          -1
        ]
      ]
    ],
    [
      [
        1,
        [
          -1.0,
          -1
        ]
      ],
      [
        1,
        [
          -1.0,
          -1
        ]
      ],
      [
        1,
        [
          -1.0,
          -1
        ]
      ],
      [
        1,
        [
          -1.0,
          -1
        ]
      ],
      [
        0,
        [
          -1.0,
          -1
        ]
      ],
      [
        1,
        [
          -1.0,
          -1
        ]
      ],
      [
        0,
        [
          -1.0,
          -1
        ]
      ],
      [
        0,
        [
          -1.0,
          -1
        ]
      ],
      [
        0,
        [
          -1.0,
          -1
        ]
      ],
      [
        0,
        [
          -1.0,
          -1
        ]
      ]
    ],
    [
      [
        1,
        [
          -1.0,
          -1
        ]
      ],
      [
        2,
        [
          0.43334800004959106,
          1
        ]
      ],
      [
        2,
        [
          0.916670024394989,
          0
        ]
      ],
      [
        1,
        [
          -1.0,
          -1
        ]
      ],
      [
        0,
        [
          -1.0,
          -1
        ]
      ],
      [
        1,
        [
          -1.0,
          -1
        ]
      ],
      [
        0,
        [
          -1.0,
          -1
        ]
      ],
      [
        0,
        [
          -1.0,
          -1
        ]
      ],
      [
        0,
        [
          -1.0,
          -1
        ]
      ],
      [
        0,
        [
          -1.0,
          -1
        ]
      ]
    ],
    [
      [
        1,
        [
          -1.0,
          -1
        ]
      ],
      [
        1,
        [
          -1.0,
          -1
        ]
      ],
      [
        1,
        [
          -1.0,
          -1
        ]
      ],
      [
        1,
        [
          -1.0,
          -1
        ]
      ],
      [
        1,
        [
          -1.0,
          -1
        ]
      ],
      [
        1,
        [
          -1.0,
          -1
        ]
      ],
      [
        1,
        [
          -1.0,
          -1
        ]
      ],
      [
        1,
        [
          -1.0,
          -1
        ]
      ],
      [
        1,
        [
          -1.0,
          -1
        ]
      ],
      [
        4,
        [
          -1.0,
          -1
        ]
      ]
    ],
    [
      [
        1,
        [
          -1.0,
          -1
        ]
      ],
      [
        2,
        [
          0.06666799634695053,
          3
        ]
      ],
      [
        0,
        [
          -1.0,
          -1
        ]
      ],
      [
        0,
        [
          -1.0,
          -1
        ]
      ],
      [
        0,
        [
          -1.0,
          -1
        ]
      ],
      [
        0,
        [
          -1.0,
          -1
        ]
      ],
      [
        0,
        [
          -1.0,
          -1
        ]
      ],
      [
        0,
        [
          -1.0,
          -1
        ]
      ],
      [
        0,
        [
          -1.0,
          -1
        ]
      ],
      [
        0,
        [
          -1.0,
          -1
        ]
      ]
    ],
    [
      [
        1,
        [
          -1.0,
          -1
        ]
      ],
      [
        0,
        [
          -1.0,
          -1
        ]
      ],
      [
        0,
        [
          -1.0,
          -1
        ]
      ],
      [
        0,
        [
          -1.0,
          -1
        ]
      ],
      [
        0,
        [
          -1.0,
          -1
        ]
      ],
      [
        0,
        [
          -1.0,
          -1
        ]
      ],
      [
        0,
        [
          -1.0,
          -1
        ]
      ],
      [
        0,
        [
          -1.0,
          -1
        ]
      ],
      [
        0,
        [
          -1.0,
          -1
        ]
      ],
      [
        0,
        [
          -1.0,
          -1
        ]
      ]
    ],
    [
      [
        1,
        [
